Date,Region,Category,Product,Units_Sold,Unit_Price,Unit_Cost
2025-01-05,North,Electronics,Laptop,2.0,750.0,120.0
2025-01-08,South,Furniture,Chair,8.0,55.0,12.0
2025-01-12,East,Office Supplies,Notebook,40.0,3.0,0.8
2025-01-19,West,Electronics,Headphones,12.0,35.0,8.0
2025-02-03,North,Furniture,Desk,3.0,180.0,35.0
2025-02-11,,Electronics,Laptop,1.0,750.0,120.0
2025-02-17,East,Office Supplies,Pen,100.0,1.5,0.3
2025-02-24,West,Furniture,Chair,6.0,55.0,12.0
2025-03-02,North,Electronics,Monitor,5.0,210.0,40.0
2025-03-10,South,Office Supplies,Notebook,60.0,3.0,0.8
2025-03-18,East,Furniture,Desk,2.0,180.0,35.0
2025-03-25,West,Electronics,Headphones,15.0,35.0,8.0
2025-04-04,North,Office Supplies,Pen,120.0,1.5,0.3
2025-04-09,South,Furniture,Chair,10.0,55.0,12.0
2025-04-16,East,Electronics,Laptop,2.0,750.0,120.0
2025-04-27,West,Office Supplies,Notebook,75.0,3.0,0.8
2025-05-06,North,Furniture,Desk,4.0,180.0,35.0
2025-05-14,South,Electronics,Monitor,,210.0,40.0
2025-05-21,East,Office Supplies,Pen,150.0,1.5,0.3
2025-05-29,West,Furniture,Chair,9.0,55.0,12.0
2025-06-03,North,Electronics,Laptop,3.0,750.0,120.0
2025-06-12,South,Office Supplies,Notebook,80.0,3.0,0.8
2025-06-20,East,Furniture,Desk,3.0,180.0,35.0
2025-06-26,West,Electronics,Headphones,18.0,35.0,8.0
2025-07-05,North,Office Supplies,Pen,130.0,1.5,0.3
2025-07-13,South,Furniture,Chair,11.0,55.0,12.0
2025-07-19,East,Electronics,Monitor,8.0,210.0,40.0
2025-07-27,West,Office Supplies,Notebook,95.0,3.0,0.8
2025-08-02,North,Furniture,Desk,5.0,180.0,35.0
2025-08-09,South,Electronics,Laptop,2.0,750.0,120.0
2025-08-16,East,Office Supplies,Pen,175.0,1.5,0.3
2025-08-23,West,Furniture,Chair,12.0,55.0,
2025-09-04,North,Electronics,Monitor,9.0,210.0,40.0
2025-09-11,South,Office Supplies,Notebook,100.0,3.0,0.8
2025-09-19,East,Furniture,Desk,4.0,180.0,35.0
2025-09-28,West,Electronics,Headphones,20.0,35.0,8.0
2025-10-03,North,Office Supplies,Pen,160.0,1.5,0.3
2025-10-12,South,Furniture,Chair,13.0,55.0,12.0
2025-10-21,East,Electronics,Laptop,3.0,750.0,120.0
2025-10-29,West,Office Supplies,Notebook,115.0,3.0,0.8
2025-11-05,North,Furniture,Desk,6.0,180.0,35.0
2025-11-13,South,Electronics,Monitor,10.0,210.0,40.0
2025-11-20,East,Office Supplies,Pen,190.0,1.5,0.3
2025-11-27,West,Furniture,Chair,14.0,55.0,12.0
2025-12-04,North,Electronics,Laptop,4.0,750.0,120.0
2025-12-12,South,Office Supplies,Notebook,120.0,3.0,0.8
2025-12-20,East,Furniture,Desk,5.0,180.0,35.0
2025-12-28,West,Electronics,Headphones,24.0,35.0,8.0
